Lyon_003.jpg,Lyon
Lyon_004.jpg,Lyon
Lyon_005.jpg,Lyon
Lyon_006.jpg,Lyon
Lyon_007.jpg,Lyon
Lyon_008.jpg,Lyon
Lyon_009.jpg,Lyon
Lyon_010.jpg,Lyon
Lyon_011.jpg,Lyon
Lyon_012.jpg,Lyon
Lyon_013.jpg,Lyon
Lyon_014.jpg,Lyon
Lyon_015.jpg,Lyon
Lyon_016.jpg,Lyon
Lyon_017.jpg,Lyon
Lyon_018.jpg,Lyon
Lyon_019.jpg,Lyon
Lyon_020.jpg,Lyon
Lyon_021.jpg,Lyon
Lyon_022.jpg,Lyon
Lyon_023.jpg,Lyon
Lyon_024.jpg,Lyon
Lyon_025.jpg,Lyon
Lyon_026.jpg,Lyon
Lyon_027.jpg,Lyon
Lyon_028.jpg,Lyon
Lyon_029.jpg,Lyon
Lyon_030.jpg,Lyon
Lyon_031.jpg,Lyon
Lyon_032.jpg,Lyon
Lyon_033.jpg,Lyon
Lyon_034.jpg,Lyon
Lyon_035.jpg,Lyon
Lyon_036.jpg,Lyon
Lyon_037.jpg,Lyon
Lyon_038.jpg,Lyon
Lyon_039.jpg,Lyon
Lyon_040.jpg,Lyon
Lyon_041.jpg,Lyon
Lyon_042.jpg,Lyon
Lyon_043.jpg,Lyon
Lyon_044.jpg,Lyon
Lyon_045.jpg,Lyon
Lyon_046.jpg,Lyon
Lyon_047.jpg,Lyon
Lyon_048.jpg,Lyon
Lyon_049.jpg,Lyon
Lyon_050.jpg,Lyon
Lyon_051.jpg,Lyon
Lyon_052.jpg,Lyon
Lyon_053.jpg,Lyon
Lyon_054.jpg,Lyon
Lyon_055.jpg,Lyon
Lyon_056.jpg,Lyon
Lyon_057.jpg,Lyon
Lyon_058.jpg,Lyon
Lyon_059.jpg,Lyon
Lyon_060.jpg,Lyon
Lyon_061.jpg,Lyon
Lyon_062.jpg,Lyon
Lyon_063.jpg,Lyon
Lyon_064.jpg,Lyon
Lyon_065.jpg,Lyon
Lyon_066.jpg,Lyon
Lyon_067.jpg,Lyon
Lyon_068.jpg,Lyon
Lyon_069.jpg,Lyon
Lyon_070.jpg,Lyon
Lyon_071.jpg,Lyon
Lyon_072.jpg,Lyon
Lyon_073.jpg,Lyon
Lyon_074.jpg,Lyon
Lyon_075.jpg,Lyon
Lyon_076.jpg,Lyon
Lyon_077.jpg,Lyon
Lyon_078.jpg,Lyon
Lyon_079.jpg,Lyon
Lyon_080.jpg,Lyon
Lyon_081.jpg,Lyon
Lyon_082.jpg,Lyon
Lyon_083.jpg,Lyon
Lyon_084.jpg,Lyon
Lyon_085.jpg,Lyon
Lyon_086.jpg,Lyon
Lyon_087.jpg,Lyon
Lyon_088.jpg,Lyon
Lyon_089.jpg,Lyon
Lyon_090.jpg,Lyon
Lyon_091.jpg,Lyon
Lyon_092.jpg,Lyon
Lyon_093.jpg,Lyon
Lyon_094.jpg,Lyon
Lyon_095.jpg,Lyon
Lyon_096.jpg,Lyon
Lyon_097.jpg,Lyon
Lyon_098.jpg,Lyon
Lyon_099.jpg,Lyon
Lyon_100.jpg,Lyon
Lyon_101.jpg,Lyon
Lyon_102.jpg,Lyon
Lyon_103.jpg,Lyon
Lyon_104.jpg,Lyon
Lyon_105.jpg,Lyon
Lyon_106.jpg,Lyon
Lyon_107.jpg,Lyon
Lyon_108.jpg,Lyon
Lyon_109.jpg,Lyon
Lyon_110.jpg,Lyon
Lyon_111.jpg,Lyon
Lyon_112.jpg,Lyon
Lyon_113.jpg,Lyon
Lyon_114.jpg,Lyon
Lyon_115.jpg,Lyon
Lyon_116.jpg,Lyon
Lyon_117.jpg,Lyon
Lyon_118.jpg,Lyon
Lyon_119.jpg,Lyon
Lyon_120.jpg,Lyon
Lyon_121.jpg,Lyon
Lyon_122.jpg,Lyon
Lyon_123.jpg,Lyon
Lyon_124.jpg,Lyon
Lyon_125.jpg,Lyon
Lyon_126.jpg,Lyon
Lyon_127.jpg,Lyon
Lyon_128.jpg,Lyon
Lyon_129.jpg,Lyon
Lyon_130.jpg,Lyon
Lyon_131.jpg,Lyon
Lyon_132.jpg,Lyon