Stoumen_001.jpg,Stoumen
Stoumen_002.jpg,Stoumen
Stoumen_003.jpg,Stoumen
Stoumen_004.jpg,Stoumen
Stoumen_005.jpg,Stoumen
Stoumen_006.jpg,Stoumen
Stoumen_007.jpg,Stoumen
Stoumen_008.jpg,Stoumen
Stoumen_009.jpg,Stoumen
Stoumen_010.jpg,Stoumen
Stoumen_013.jpg,Stoumen
Stoumen_014.jpg,Stoumen
Stoumen_015.jpg,Stoumen
Stoumen_016.jpg,Stoumen
Stoumen_017.jpg,Stoumen
Stoumen_018.jpg,Stoumen
Stoumen_019.jpg,Stoumen
Stoumen_020.jpg,Stoumen
Stoumen_021.jpg,Stoumen
Stoumen_022.jpg,Stoumen
Stoumen_023.jpg,Stoumen
Stoumen_024.jpg,Stoumen
Stoumen_025.jpg,Stoumen
Stoumen_026.jpg,Stoumen
Stoumen_027.jpg,Stoumen
Stoumen_028.jpg,Stoumen
Stoumen_029.jpg,Stoumen
Stoumen_030.jpg,Stoumen
Stoumen_031.jpg,Stoumen
Stoumen_032.jpg,Stoumen
Stoumen_033.jpg,Stoumen
Stoumen_034.jpg,Stoumen
Stoumen_035.jpg,Stoumen
Stoumen_036.jpg,Stoumen
Stoumen_037.jpg,Stoumen
Stoumen_038.jpg,Stoumen
Stoumen_039.jpg,Stoumen
Stoumen_040.jpg,Stoumen
Stoumen_041.jpg,Stoumen
Stoumen_042.jpg,Stoumen
Stoumen_043.jpg,Stoumen
Stoumen_044.jpg,Stoumen
Stoumen_045.jpg,Stoumen
Stoumen_046.jpg,Stoumen
Stoumen_048.jpg,Stoumen
Stoumen_049.jpg,Stoumen
Stoumen_050.jpg,Stoumen
Stoumen_051.jpg,Stoumen
Stoumen_052.jpg,Stoumen
Stoumen_053.jpg,Stoumen
Stoumen_054.jpg,Stoumen
Stoumen_055.jpg,Stoumen
Stoumen_056.jpg,Stoumen
Stoumen_057.jpg,Stoumen
Stoumen_058.jpg,Stoumen
Stoumen_059.jpg,Stoumen
Stoumen_060.jpg,Stoumen
Stoumen_061.jpg,Stoumen
Stoumen_062.jpg,Stoumen
Stoumen_063.jpg,Stoumen
Stoumen_064.jpg,Stoumen
Stoumen_065.jpg,Stoumen
Stoumen_066.jpg,Stoumen
Stoumen_070.jpg,Stoumen
Stoumen_071.jpg,Stoumen
Stoumen_072.jpg,Stoumen
Stoumen_074.jpg,Stoumen
Stoumen_075.jpg,Stoumen
Stoumen_076.jpg,Stoumen
Stoumen_077.jpg,Stoumen
Stoumen_078.jpg,Stoumen
Stoumen_079.jpg,Stoumen
Stoumen_080.jpg,Stoumen
Stoumen_081.jpg,Stoumen
Stoumen_082.jpg,Stoumen
Stoumen_083.jpg,Stoumen
Stoumen_084.jpg,Stoumen
Stoumen_085.jpg,Stoumen
Stoumen_086.jpg,Stoumen
Stoumen_087.jpg,Stoumen
Stoumen_088.jpg,Stoumen
Stoumen_089.jpg,Stoumen
Stoumen_090.jpg,Stoumen
Stoumen_091.jpg,Stoumen
Stoumen_092.jpg,Stoumen
Stoumen_093.jpg,Stoumen
Stoumen_094.jpg,Stoumen