goodman-AR-109-06-023.jpg,Goodman
goodman-brandt-maybee-NY-88-979-017.jpg,Goodman
goodman-Brassai-Picasso-013.jpg,Goodman
goodman-disfarmer-028.jpg,Goodman
goodman-disfarmer-029.jpg,Goodman
goodman-disfarmer-030.jpg,Goodman
goodman-DLA-129-010.jpg,Goodman
goodman-DLA-22-011.jpg,Goodman
goodman-_DLA-27-002.jpg,Goodman
goodman-DLA-33-031.jpg,Goodman
goodman-DLA-43-008.jpg,Goodman
goodman-DLMM-098-009.jpg,Goodman
goodmanFinocc-014.jpg,Goodman
goodman-HBC-FR-218-020.jpg,Goodman
goodman-HBC-Por-482-019.jpg,Goodman
goodman-HBC-POR-485-021.jpg,Goodman
goodman=HCB-B-292-016.jpg,Goodman
goodmanHCB-worlds_fair-BXL-155-018.jpg,Goodman
goodman-HMC-ny-bb-973-022.jpg,Goodman
goodman-JJM-1229-034.jpg,Goodman
goodman-_JLM-101D-003.jpg,Goodman
goodman-_JLM-101G--004.jpg,Goodman
goodman-JLM-101L-033.jpg,Goodman
goodman-KH-2312A-6-006.jpg,Goodman
goodman-KH-2318A-22-007.jpg,Goodman
goodman-KH-2362A7-032.jpg,Goodman
goodman-LS-4534-1-025.jpg,Goodman
goodman-ls-4639-001.jpg,Goodman
goodman--LS-4674-037.jpg,Goodman
goodman--LS-4681-035.jpg,Goodman
goodman-LS-7097-or_7047-026.jpg,Goodman
goodman-LS-7097-or_7047-027.jpg,Goodman
goodman-LS-7164-024.jpg,Goodman
goodman--LS-OM79-036.jpg,Goodman
goodman-_WWNY_106-09-05005.jpg,Goodman
IT0137-Ponti-.jpg,Goodman
IT-109-Naya-.jpg,Goodman
IT-116-Naya-.jpg,Goodman
IT-157-ukn-st-jean-de-Lateran-.jpg,Goodman
IT-172-arch-drusus_1.jpg,Goodman
IT-172-arch-drusus.jpg,Goodman
IT-187-.jpg,Goodman
IT-214-72dpi-.jpg,Goodman
IT-214-.jpg,Goodman
