Witt_001.jpg,Witt
Witt_002.jpg,Witt
Witt_003.jpg,Witt
Witt_004.jpg,Witt
Witt_006.jpg,Witt
Witt_007.jpg,Witt
Witt_008.jpg,Witt
Witt_009.jpg,Witt
Witt_010.jpg,Witt
Witt_011.jpg,Witt
Witt_012.jpg,Witt
Witt_013.jpg,Witt
Witt_014.jpg,Witt
Witt_015.jpg,Witt
Witt_016.jpg,Witt
Witt_017.jpg,Witt
Witt_018.jpg,Witt
Witt_019.jpg,Witt
Witt_020.jpg,Witt
Witt_021.jpg,Witt
Witt_022.jpg,Witt
Witt_023.jpg,Witt
Witt_024.jpg,Witt
Witt_025.jpg,Witt
Witt_026.jpg,Witt
Witt_027.jpg,Witt
Witt_028.jpg,Witt
Witt_029.jpg,Witt
Witt_030.jpg,Witt
Witt_031.jpg,Witt
Witt_032.jpg,Witt
Witt_033.jpg,Witt
Witt_034.jpg,Witt
Witt_035.jpg,Witt
Witt_036.jpg,Witt
Witt_037.jpg,Witt
Witt_038.jpg,Witt
Witt_039.jpg,Witt
Witt_040.jpg,Witt
Witt_041.jpg,Witt
Witt_042.jpg,Witt
Witt_043.jpg,Witt
Witt_044.jpg,Witt
Witt_045.jpg,Witt
Witt_046.jpg,Witt